{
  "project_info": {
    "project_number": "483615536727",
    "firebase_url": "https://your-kau-guide-chatbot-default-rtdb.asia-southeast1.firebasedatabase.app",
    "project_id": "your-kau-guide-chatbot",
    "storage_bucket": "your-kau-guide-chatbot.appspot.com"
  },
  "client": [
    {
      "client_info": {
        "mobilesdk_app_id": "1:483615536727:android:5e0579b47911e2bb5f9512",
        "android_client_info": {
          "package_name": "com.example.yourkauguideapp"
        }
      },
      "oauth_client": [
        {
          "client_id": "483615536727-cr8n1o0ptk0a8vepfm1q8d542cftl14f.apps.googleusercontent.com",
          "client_type": 3
        }
      ],
      "api_key": [
        {
          "current_key": "AIzaSyAgmBmuoSPsi37geicx1hRf6fz-n8cj2gU"
        }
      ],
      "services": {
        "appinvite_service": {
          "other_platform_oauth_client": [
            {
              "client_id": "483615536727-cr8n1o0ptk0a8vepfm1q8d542cftl14f.apps.googleusercontent.com",
              "client_type": 3
            }
          ]
        }
      }
    },
    {
      "client_info": {
        "mobilesdk_app_id": "1:483615536727:android:89e4301d5f9fed355f9512",
        "android_client_info": {
          "package_name": "com.kau.yourkauguideapp"
        }
      },
      "oauth_client": [
        {
          "client_id": "483615536727-cr8n1o0ptk0a8vepfm1q8d542cftl14f.apps.googleusercontent.com",
          "client_type": 3
        }
      ],
      "api_key": [
        {
          "current_key": "AIzaSyAgmBmuoSPsi37geicx1hRf6fz-n8cj2gU"
        }
      ],
      "services": {
        "appinvite_service": {
          "other_platform_oauth_client": [
            {
              "client_id": "483615536727-cr8n1o0ptk0a8vepfm1q8d542cftl14f.apps.googleusercontent.com",
              "client_type": 3
            }
          ]
        }
      }
    }
  ],
  "configuration_version": "1"
}